node_id,accuracy,test_loss,f1score,precision,recall,accuracy_per_0,accuracy_per_1,accuracy_per_2,accuracy_per_3,accuracy_per_4,accuracy_per_5,accuracy_per_6,accuracy_per_7,accuracy_per_8,accuracy_per_9
0,-7.740952380952381e-05,-1.3395659519320588e-05,-3.730458830343803e-05,0.00011726486714137798,-6.4011264233248e-05,0.0,-0.001241074050765681,0.0012523994093761532,-0.0006514380009429518,0.0,0.0,0.0,0.0,0.0,0.0
1,-0.0005505904761904764,9.643024916643356e-06,-0.00043527025854264473,0.0001582469292269053,-0.0005225938283453237,0.0,-0.002220369204950701,0.002265411590992986,-0.005270980669495522,0.0,0.0,0.0,0.0,0.0,0.0
2,0.0003694357142857142,1.4658898341138566e-05,0.0002665307101171424,5.551958895007054e-05,0.00033803043572355236,0.0,0.0030629536396056213,-0.004664521040974529,0.004981871758604434,0.0,0.0,0.0,0.0,0.0,0.0
3,-0.0005702476190476192,2.4696940648250845e-05,-0.0004598705330755174,-0.000530785564705268,-0.0005759452199409353,0.0,0.0013569540591567022,-0.0025022148394241413,-0.004614191419141914,0.0,0.0,0.0,0.0,0.0,0.0
4,0.0004000476190476189,-7.174912206255541e-06,0.00033768449788551725,0.0006511755668943274,0.0003973856066600261,0.0,-6.559681141178887e-05,-0.00022358342561830939,0.0042630363036303635,0.0,0.0,0.0,0.0,0.0,0.0
5,0.00010800714285714301,-8.071490371087147e-06,0.00011243105754472072,0.000274019910458475,0.00010593691701008169,0.0,0.000147514159848962,-0.0003786683277962345,0.0012905233380480906,0.0,0.0,0.0,0.0,0.0,0.0
6,-0.0010241261904761904,-1.572782967283321e-05,-0.0008277391429342036,-0.0004329213715195717,-0.0010350801824899072,0.0,0.002147262429200754,-0.002516357511997046,-0.009981706742102782,0.0,0.0,0.0,0.0,0.0,0.0
7,0.0005821333333333327,-5.289869956397062e-06,0.0005100764901029457,0.0016457341246540198,0.0006291304149770431,0.0,-0.005533459198657435,0.007218115540789957,0.0046066478076379055,0.0,0.0,0.0,0.0,0.0,0.0
